MSN,YYYYMM,Value,Column_Order,Description,Unit
TXEIEUS,197301,111.621,9,Total Energy Electric Power Sector CO2 Emissions,Million Metric Tons of Carbon Dioxide
TXEIEUS,197302,99.185,9,Total Energy Electric Power Sector CO2 Emissions,Million Metric Tons of Carbon Dioxide
TXEIEUS,197303,99.112,9,Total Energy Electric Power Sector CO2 Emissions,Million Metric Tons of Carbon Dioxide
TXEIEUS,197304,93.183,9,Total Energy Electric Power Sector CO2 Emissions,Million Metric Tons of Carbon Dioxide
TXEIEUS,197305,98.012,9,Total Energy Electric Power Sector CO2 Emissions,Million Metric Tons of Carbon Dioxide
TXEIEUS,197306,109.66,9,Total Energy Electric Power Sector CO2 Emissions,Million Metric Tons of Carbon Dioxide
TXEIEUS,197307,120.935,9,Total Energy Electric Power Sector CO2 Emissions,Million Metric Tons of Carbon Dioxide
TXEIEUS,197308,125.189,9,Total Energy Electric Power Sector CO2 Emissions,Million Metric Tons of Carbon Dioxide
TXEIEUS,197309,111.452,9,Total Energy Electric Power Sector CO2 Emissions,Million Metric Tons of Carbon Dioxide
TXEIEUS,197310,109.291,9,Total Energy Electric Power Sector CO2 Emissions,Million Metric Tons of Carbon Dioxide
TXEIEUS,197311,103.624,9,Total Energy Electric Power Sector CO2 Emissions,Million Metric Tons of Carbon Dioxide
TXEIEUS,197312,105.089,9,Total Energy Electric Power Sector CO2 Emissions,Million Metric Tons of Carbon Dioxide
TXEIEUS,197313,1286.352,9,Total Energy Electric Power Sector CO2 Emissions,Million Metric Tons of Carbon Dioxide
TXEIEUS,197401,105.53,9,Total Energy Electric Power Sector CO2 Emissions,Million Metric Tons of Carbon Dioxide
TXEIEUS,197402,93.928,9,Total Energy Electric Power Sector CO2 Emissions,Million Metric Tons of Carbon Dioxide
TXEIEUS,197403,97.857,9,Total Energy Electric Power Sector CO2 Emissions,Million Metric Tons of Carbon Dioxide
TXEIEUS,197404,92.293,9,Total Energy Electric Power Sector CO2 Emissions,Million Metric Tons of Carbon Dioxide
TXEIEUS,197405,101.357,9,Total Energy Electric Power Sector CO2 Emissions,Million Metric Tons of Carbon Dioxide
TXEIEUS,197406,103.819,9,Total Energy Electric Power Sector CO2 Emissions,Million Metric Tons of Carbon Dioxide
TXEIEUS,197407,120.201,9,Total Energy Electric Power Sector CO2 Emissions,Million Metric Tons of Carbon Dioxide
TXEIEUS,197408,117.328,9,Total Energy Electric Power Sector CO2 Emissions,Million Metric Tons of Carbon Dioxide
TXEIEUS,197409,102.157,9,Total Energy Electric Power Sector CO2 Emissions,Million Metric Tons of Carbon Dioxide
TXEIEUS,197410,104.099,9,Total Energy Electric Power Sector CO2 Emissions,Million Metric Tons of Carbon Dioxide
TXEIEUS,197411,102.631,9,Total Energy Electric Power Sector CO2 Emissions,Million Metric Tons of Carbon Dioxide
TXEIEUS,197412,109.443,9,Total Energy Electric Power Sector CO2 Emissions,Million Metric Tons of Carbon Dioxide
TXEIEUS,197413,1250.643,9,Total Energy Electric Power Sector CO2 Emissions,Million Metric Tons of Carbon Dioxide
TXEIEUS,197501,110.308,9,Total Energy Electric Power Sector CO2 Emissions,Million Metric Tons of Carbon Dioxide
TXEIEUS,197502,96.731,9,Total Energy Electric Power Sector CO2 Emissions,Million Metric Tons of Carbon Dioxide
TXEIEUS,197503,97.85,9,Total Energy Electric Power Sector CO2 Emissions,Million Metric Tons of Carbon Dioxide
TXEIEUS,197504,91.834,9,Total Energy Electric Power Sector CO2 Emissions,Million Metric Tons of Carbon Dioxide
TXEIEUS,197505,95.107,9,Total Energy Electric Power Sector CO2 Emissions,Million Metric Tons of Carbon Dioxide
TXEIEUS,197506,104.646,9,Total Energy Electric Power Sector CO2 Emissions,Million Metric Tons of Carbon Dioxide
TXEIEUS,197507,115.641,9,Total Energy Electric Power Sector CO2 Emissions,Million Metric Tons of Carbon Dioxide
TXEIEUS,197508,120.746,9,Total Energy Electric Power Sector CO2 Emissions,Million Metric Tons of Carbon Dioxide
TXEIEUS,197509,101.583,9,Total Energy Electric Power Sector CO2 Emissions,Million Metric Tons of Carbon Dioxide
TXEIEUS,197510,100.361,9,Total Energy Electric Power Sector CO2 Emissions,Million Metric Tons of Carbon Dioxide
TXEIEUS,197511,98.508,9,Total Energy Electric Power Sector CO2 Emissions,Million Metric Tons of Carbon Dioxide
TXEIEUS,197512,110.499,9,Total Energy Electric Power Sector CO2 Emissions,Million Metric Tons of Carbon Dioxide
TXEIEUS,197513,1243.815,9,Total Energy Electric Power Sector CO2 Emissions,Million Metric Tons of Carbon Dioxide
TXEIEUS,197601,119.925,9,Total Energy Electric Power Sector CO2 Emissions,Million Metric Tons of Carbon Dioxide
TXEIEUS,197602,103.073,9,Total Energy Electric Power Sector CO2 Emissions,Million Metric Tons of Carbon Dioxide
TXEIEUS,197603,107.043,9,Total Energy Electric Power Sector CO2 Emissions,Million Metric Tons of Carbon Dioxide
TXEIEUS,197604,100.797,9,Total Energy Electric Power Sector CO2 Emissions,Million Metric Tons of Carbon Dioxide
TXEIEUS,197605,102.075,9,Total Energy Electric Power Sector CO2 Emissions,Million Metric Tons of Carbon Dioxide
TXEIEUS,197606,112.321,9,Total Energy Electric Power Sector CO2 Emissions,Million Metric Tons of Carbon Dioxide
TXEIEUS,197607,122.425,9,Total Energy Electric Power Sector CO2 Emissions,Million Metric Tons of Carbon Dioxide
TXEIEUS,197608,123.946,9,Total Energy Electric Power Sector CO2 Emissions,Million Metric Tons of Carbon Dioxide
TXEIEUS,197609,109.001,9,Total Energy Electric Power Sector CO2 Emissions,Million Metric Tons of Carbon Dioxide
TXEIEUS,197610,109.026,9,Total Energy Electric Power Sector CO2 Emissions,Million Metric Tons of Carbon Dioxide
TXEIEUS,197611,116.306,9,Total Energy Electric Power Sector CO2 Emissions,Million Metric Tons of Carbon Dioxide
TXEIEUS,197612,125.248,9,Total Energy Electric Power Sector CO2 Emissions,Million Metric Tons of Carbon Dioxide
TXEIEUS,197613,1351.184,9,Total Energy Electric Power Sector CO2 Emissions,Million Metric Tons of Carbon Dioxide
TXEIEUS,197701,135.347,9,Total Energy Electric Power Sector CO2 Emissions,Million Metric Tons of Carbon Dioxide
TXEIEUS,197702,111.845,9,Total Energy Electric Power Sector CO2 Emissions,Million Metric Tons of Carbon Dioxide
TXEIEUS,197703,111.699,9,Total Energy Electric Power Sector CO2 Emissions,Million Metric Tons of Carbon Dioxide
TXEIEUS,197704,102.71,9,Total Energy Electric Power Sector CO2 Emissions,Million Metric Tons of Carbon Dioxide
TXEIEUS,197705,112.931,9,Total Energy Electric Power Sector CO2 Emissions,Million Metric Tons of Carbon Dioxide
TXEIEUS,197706,122.668,9,Total Energy Electric Power Sector CO2 Emissions,Million Metric Tons of Carbon Dioxide
TXEIEUS,197707,139.982,9,Total Energy Electric Power Sector CO2 Emissions,Million Metric Tons of Carbon Dioxide
TXEIEUS,197708,135.926,9,Total Energy Electric Power Sector CO2 Emissions,Million Metric Tons of Carbon Dioxide
TXEIEUS,197709,121.229,9,Total Energy Electric Power Sector CO2 Emissions,Million Metric Tons of Carbon Dioxide
TXEIEUS,197710,112.595,9,Total Energy Electric Power Sector CO2 Emissions,Million Metric Tons of Carbon Dioxide
TXEIEUS,197711,112.038,9,Total Energy Electric Power Sector CO2 Emissions,Million Metric Tons of Carbon Dioxide
TXEIEUS,197712,123.157,9,Total Energy Electric Power Sector CO2 Emissions,Million Metric Tons of Carbon Dioxide
TXEIEUS,197713,1442.126,9,Total Energy Electric Power Sector CO2 Emissions,Million Metric Tons of Carbon Dioxide
TXEIEUS,197801,131.65,9,Total Energy Electric Power Sector CO2 Emissions,Million Metric Tons of Carbon Dioxide
TXEIEUS,197802,116.041,9,Total Energy Electric Power Sector CO2 Emissions,Million Metric Tons of Carbon Dioxide
TXEIEUS,197803,112.178,9,Total Energy Electric Power Sector CO2 Emissions,Million Metric Tons of Carbon Dioxide
TXEIEUS,197804,102.578,9,Total Energy Electric Power Sector CO2 Emissions,Million Metric Tons of Carbon Dioxide
TXEIEUS,197805,109.503,9,Total Energy Electric Power Sector CO2 Emissions,Million Metric Tons of Carbon Dioxide
TXEIEUS,197806,121.781,9,Total Energy Electric Power Sector CO2 Emissions,Million Metric Tons of Carbon Dioxide
TXEIEUS,197807,133.041,9,Total Energy Electric Power Sector CO2 Emissions,Million Metric Tons of Carbon Dioxide
TXEIEUS,197808,138.189,9,Total Energy Electric Power Sector CO2 Emissions,Million Metric Tons of Carbon Dioxide
TXEIEUS,197809,124.201,9,Total Energy Electric Power Sector CO2 Emissions,Million Metric Tons of Carbon Dioxide
TXEIEUS,197810,115.699,9,Total Energy Electric Power Sector CO2 Emissions,Million Metric Tons of Carbon Dioxide
TXEIEUS,197811,114.853,9,Total Energy Electric Power Sector CO2 Emissions,Million Metric Tons of Carbon Dioxide
TXEIEUS,197812,127.944,9,Total Energy Electric Power Sector CO2 Emissions,Million Metric Tons of Carbon Dioxide
TXEIEUS,197813,1447.657,9,Total Energy Electric Power Sector CO2 Emissions,Million Metric Tons of Carbon Dioxide
TXEIEUS,197901,140.07,9,Total Energy Electric Power Sector CO2 Emissions,Million Metric Tons of Carbon Dioxide
TXEIEUS,197902,124.162,9,Total Energy Electric Power Sector CO2 Emissions,Million Metric Tons of Carbon Dioxide
TXEIEUS,197903,116.862,9,Total Energy Electric Power Sector CO2 Emissions,Million Metric Tons of Carbon Dioxide
TXEIEUS,197904,109.913,9,Total Energy Electric Power Sector CO2 Emissions,Million Metric Tons of Carbon Dioxide
TXEIEUS,197905,116.843,9,Total Energy Electric Power Sector CO2 Emissions,Million Metric Tons of Carbon Dioxide
TXEIEUS,197906,126.24,9,Total Energy Electric Power Sector CO2 Emissions,Million Metric Tons of Carbon Dioxide
TXEIEUS,197907,138.705,9,Total Energy Electric Power Sector CO2 Emissions,Million Metric Tons of Carbon Dioxide
TXEIEUS,197908,139.994,9,Total Energy Electric Power Sector CO2 Emissions,Million Metric Tons of Carbon Dioxide
TXEIEUS,197909,122.045,9,Total Energy Electric Power Sector CO2 Emissions,Million Metric Tons of Carbon Dioxide
TXEIEUS,197910,120.909,9,Total Energy Electric Power Sector CO2 Emissions,Million Metric Tons of Carbon Dioxide
TXEIEUS,197911,120.045,9,Total Energy Electric Power Sector CO2 Emissions,Million Metric Tons of Carbon Dioxide
TXEIEUS,197912,129.459,9,Total Energy Electric Power Sector CO2 Emissions,Million Metric Tons of Carbon Dioxide
TXEIEUS,197913,1505.248,9,Total Energy Electric Power Sector CO2 Emissions,Million Metric Tons of Carbon Dioxide
TXEIEUS,198001,136.831,9,Total Energy Electric Power Sector CO2 Emissions,Million Metric Tons of Carbon Dioxide
TXEIEUS,198002,129.981,9,Total Energy Electric Power Sector CO2 Emissions,Million Metric Tons of Carbon Dioxide
TXEIEUS,198003,125.79,9,Total Energy Electric Power Sector CO2 Emissions,Million Metric Tons of Carbon Dioxide
TXEIEUS,198004,108.785,9,Total Energy Electric Power Sector CO2 Emissions,Million Metric Tons of Carbon Dioxide
TXEIEUS,198005,111.839,9,Total Energy Electric Power Sector CO2 Emissions,Million Metric Tons of Carbon Dioxide
TXEIEUS,198006,124.923,9,Total Energy Electric Power Sector CO2 Emissions,Million Metric Tons of Carbon Dioxide
TXEIEUS,198007,149.631,9,Total Energy Electric Power Sector CO2 Emissions,Million Metric Tons of Carbon Dioxide
TXEIEUS,198008,149.303,9,Total Energy Electric Power Sector CO2 Emissions,Million Metric Tons of Carbon Dioxide
TXEIEUS,198009,130.186,9,Total Energy Electric Power Sector CO2 Emissions,Million Metric Tons of Carbon Dioxide
TXEIEUS,198010,119.708,9,Total Energy Electric Power Sector CO2 Emissions,Million Metric Tons of Carbon Dioxide
TXEIEUS,198011,121.897,9,Total Energy Electric Power Sector CO2 Emissions,Million Metric Tons of Carbon Dioxide
TXEIEUS,198012,134.835,9,Total Energy Electric Power Sector CO2 Emissions,Million Metric Tons of Carbon Dioxide
TXEIEUS,198013,1543.716,9,Total Energy Electric Power Sector CO2 Emissions,Million Metric Tons of Carbon Dioxide
TXEIEUS,198101,142.342,9,Total Energy Electric Power Sector CO2 Emissions,Million Metric Tons of Carbon Dioxide
TXEIEUS,198102,121.677,9,Total Energy Electric Power Sector CO2 Emissions,Million Metric Tons of Carbon Dioxide
TXEIEUS,198103,125.022,9,Total Energy Electric Power Sector CO2 Emissions,Million Metric Tons of Carbon Dioxide
TXEIEUS,198104,114.698,9,Total Energy Electric Power Sector CO2 Emissions,Million Metric Tons of Carbon Dioxide
TXEIEUS,198105,118.463,9,Total Energy Electric Power Sector CO2 Emissions,Million Metric Tons of Carbon Dioxide
TXEIEUS,198106,135.654,9,Total Energy Electric Power Sector CO2 Emissions,Million Metric Tons of Carbon Dioxide
TXEIEUS,198107,150.184,9,Total Energy Electric Power Sector CO2 Emissions,Million Metric Tons of Carbon Dioxide
TXEIEUS,198108,142.343,9,Total Energy Electric Power Sector CO2 Emissions,Million Metric Tons of Carbon Dioxide
TXEIEUS,198109,126.522,9,Total Energy Electric Power Sector CO2 Emissions,Million Metric Tons of Carbon Dioxide
TXEIEUS,198110,124.385,9,Total Energy Electric Power Sector CO2 Emissions,Million Metric Tons of Carbon Dioxide
TXEIEUS,198111,118.495,9,Total Energy Electric Power Sector CO2 Emissions,Million Metric Tons of Carbon Dioxide
TXEIEUS,198112,131.351,9,Total Energy Electric Power Sector CO2 Emissions,Million Metric Tons of Carbon Dioxide
TXEIEUS,198113,1551.165,9,Total Energy Electric Power Sector CO2 Emissions,Million Metric Tons of Carbon Dioxide
TXEIEUS,198201,143.436,9,Total Energy Electric Power Sector CO2 Emissions,Million Metric Tons of Carbon Dioxide
TXEIEUS,198202,121.997,9,Total Energy Electric Power Sector CO2 Emissions,Million Metric Tons of Carbon Dioxide
TXEIEUS,198203,120.043,9,Total Energy Electric Power Sector CO2 Emissions,Million Metric Tons of Carbon Dioxide
TXEIEUS,198204,109.395,9,Total Energy Electric Power Sector CO2 Emissions,Million Metric Tons of Carbon Dioxide
TXEIEUS,198205,113.232,9,Total Energy Electric Power Sector CO2 Emissions,Million Metric Tons of Carbon Dioxide
TXEIEUS,198206,119.198,9,Total Energy Electric Power Sector CO2 Emissions,Million Metric Tons of Carbon Dioxide
TXEIEUS,198207,140.505,9,Total Energy Electric Power Sector CO2 Emissions,Million Metric Tons of Carbon Dioxide
TXEIEUS,198208,138.703,9,Total Energy Electric Power Sector CO2 Emissions,Million Metric Tons of Carbon Dioxide
TXEIEUS,198209,120.982,9,Total Energy Electric Power Sector CO2 Emissions,Million Metric Tons of Carbon Dioxide
TXEIEUS,198210,115.448,9,Total Energy Electric Power Sector CO2 Emissions,Million Metric Tons of Carbon Dioxide
TXEIEUS,198211,115.37,9,Total Energy Electric Power Sector CO2 Emissions,Million Metric Tons of Carbon Dioxide
TXEIEUS,198212,122.481,9,Total Energy Electric Power Sector CO2 Emissions,Million Metric Tons of Carbon Dioxide
TXEIEUS,198213,1480.798,9,Total Energy Electric Power Sector CO2 Emissions,Million Metric Tons of Carbon Dioxide
TXEIEUS,198301,128.058,9,Total Energy Electric Power Sector CO2 Emissions,Million Metric Tons of Carbon Dioxide
TXEIEUS,198302,111.051,9,Total Energy Electric Power Sector CO2 Emissions,Million Metric Tons of Carbon Dioxide
TXEIEUS,198303,115.299,9,Total Energy Electric Power Sector CO2 Emissions,Million Metric Tons of Carbon Dioxide
TXEIEUS,198304,106.222,9,Total Energy Electric Power Sector CO2 Emissions,Million Metric Tons of Carbon Dioxide
TXEIEUS,198305,110.188,9,Total Energy Electric Power Sector CO2 Emissions,Million Metric Tons of Carbon Dioxide
TXEIEUS,198306,122.772,9,Total Energy Electric Power Sector CO2 Emissions,Million Metric Tons of Carbon Dioxide
TXEIEUS,198307,149.242,9,Total Energy Electric Power Sector CO2 Emissions,Million Metric Tons of Carbon Dioxide
TXEIEUS,198308,158.134,9,Total Energy Electric Power Sector CO2 Emissions,Million Metric Tons of Carbon Dioxide
TXEIEUS,198309,133.465,9,Total Energy Electric Power Sector CO2 Emissions,Million Metric Tons of Carbon Dioxide
TXEIEUS,198310,122.629,9,Total Energy Electric Power Sector CO2 Emissions,Million Metric Tons of Carbon Dioxide
TXEIEUS,198311,121.029,9,Total Energy Electric Power Sector CO2 Emissions,Million Metric Tons of Carbon Dioxide
TXEIEUS,198312,142.614,9,Total Energy Electric Power Sector CO2 Emissions,Million Metric Tons of Carbon Dioxide
TXEIEUS,198313,1520.759,9,Total Energy Electric Power Sector CO2 Emissions,Million Metric Tons of Carbon Dioxide
TXEIEUS,198401,144.431,9,Total Energy Electric Power Sector CO2 Emissions,Million Metric Tons of Carbon Dioxide
TXEIEUS,198402,122.331,9,Total Energy Electric Power Sector CO2 Emissions,Million Metric Tons of Carbon Dioxide
TXEIEUS,198403,128.451,9,Total Energy Electric Power Sector CO2 Emissions,Million Metric Tons of Carbon Dioxide
TXEIEUS,198404,112.697,9,Total Energy Electric Power Sector CO2 Emissions,Million Metric Tons of Carbon Dioxide
TXEIEUS,198405,119.727,9,Total Energy Electric Power Sector CO2 Emissions,Million Metric Tons of Carbon Dioxide
TXEIEUS,198406,138.707,9,Total Energy Electric Power Sector CO2 Emissions,Million Metric Tons of Carbon Dioxide
TXEIEUS,198407,147.482,9,Total Energy Electric Power Sector CO2 Emissions,Million Metric Tons of Carbon Dioxide
TXEIEUS,198408,155.571,9,Total Energy Electric Power Sector CO2 Emissions,Million Metric Tons of Carbon Dioxide
TXEIEUS,198409,129.556,9,Total Energy Electric Power Sector CO2 Emissions,Million Metric Tons of Carbon Dioxide
TXEIEUS,198410,129.916,9,Total Energy Electric Power Sector CO2 Emissions,Million Metric Tons of Carbon Dioxide
TXEIEUS,198411,128.686,9,Total Energy Electric Power Sector CO2 Emissions,Million Metric Tons of Carbon Dioxide
TXEIEUS,198412,130.739,9,Total Energy Electric Power Sector CO2 Emissions,Million Metric Tons of Carbon Dioxide
TXEIEUS,198413,1588.338,9,Total Energy Electric Power Sector CO2 Emissions,Million Metric Tons of Carbon Dioxide
TXEIEUS,198501,148.124,9,Total Energy Electric Power Sector CO2 Emissions,Million Metric Tons of Carbon Dioxide
TXEIEUS,198502,128.382,9,Total Energy Electric Power Sector CO2 Emissions,Million Metric Tons of Carbon Dioxide
TXEIEUS,198503,125.403,9,Total Energy Electric Power Sector CO2 Emissions,Million Metric Tons of Carbon Dioxide
TXEIEUS,198504,118.263,9,Total Energy Electric Power Sector CO2 Emissions,Million Metric Tons of Carbon Dioxide
TXEIEUS,198505,126.391,9,Total Energy Electric Power Sector CO2 Emissions,Million Metric Tons of Carbon Dioxide
TXEIEUS,198506,135.44,9,Total Energy Electric Power Sector CO2 Emissions,Million Metric Tons of Carbon Dioxide
TXEIEUS,198507,152.033,9,Total Energy Electric Power Sector CO2 Emissions,Million Metric Tons of Carbon Dioxide
TXEIEUS,198508,152.032,9,Total Energy Electric Power Sector CO2 Emissions,Million Metric Tons of Carbon Dioxide
TXEIEUS,198509,133.327,9,Total Energy Electric Power Sector CO2 Emissions,Million Metric Tons of Carbon Dioxide
TXEIEUS,198510,128.379,9,Total Energy Electric Power Sector CO2 Emissions,Million Metric Tons of Carbon Dioxide
TXEIEUS,198511,125.524,9,Total Energy Electric Power Sector CO2 Emissions,Million Metric Tons of Carbon Dioxide
TXEIEUS,198512,145.847,9,Total Energy Electric Power Sector CO2 Emissions,Million Metric Tons of Carbon Dioxide
TXEIEUS,198513,1619.313,9,Total Energy Electric Power Sector CO2 Emissions,Million Metric Tons of Carbon Dioxide
TXEIEUS,198601,146.238,9,Total Energy Electric Power Sector CO2 Emissions,Million Metric Tons of Carbon Dioxide
TXEIEUS,198602,125.584,9,Total Energy Electric Power Sector CO2 Emissions,Million Metric Tons of Carbon Dioxide
TXEIEUS,198603,124.488,9,Total Energy Electric Power Sector CO2 Emissions,Million Metric Tons of Carbon Dioxide
TXEIEUS,198604,113.796,9,Total Energy Electric Power Sector CO2 Emissions,Million Metric Tons of Carbon Dioxide
TXEIEUS,198605,123.183,9,Total Energy Electric Power Sector CO2 Emissions,Million Metric Tons of Carbon Dioxide
TXEIEUS,198606,140.521,9,Total Energy Electric Power Sector CO2 Emissions,Million Metric Tons of Carbon Dioxide
TXEIEUS,198607,164.772,9,Total Energy Electric Power Sector CO2 Emissions,Million Metric Tons of Carbon Dioxide
TXEIEUS,198608,150.086,9,Total Energy Electric Power Sector CO2 Emissions,Million Metric Tons of Carbon Dioxide
TXEIEUS,198609,134.476,9,Total Energy Electric Power Sector CO2 Emissions,Million Metric Tons of Carbon Dioxide
TXEIEUS,198610,127.245,9,Total Energy Electric Power Sector CO2 Emissions,Million Metric Tons of Carbon Dioxide
TXEIEUS,198611,126.28,9,Total Energy Electric Power Sector CO2 Emissions,Million Metric Tons of Carbon Dioxide
TXEIEUS,198612,136.58,9,Total Energy Electric Power Sector CO2 Emissions,Million Metric Tons of Carbon Dioxide
TXEIEUS,198613,1613.31,9,Total Energy Electric Power Sector CO2 Emissions,Million Metric Tons of Carbon Dioxide
TXEIEUS,198701,144.198,9,Total Energy Electric Power Sector CO2 Emissions,Million Metric Tons of Carbon Dioxide
TXEIEUS,198702,124.139,9,Total Energy Electric Power Sector CO2 Emissions,Million Metric Tons of Carbon Dioxide
TXEIEUS,198703,127.409,9,Total Energy Electric Power Sector CO2 Emissions,Million Metric Tons of Carbon Dioxide
TXEIEUS,198704,120.062,9,Total Energy Electric Power Sector CO2 Emissions,Million Metric Tons of Carbon Dioxide
TXEIEUS,198705,132.209,9,Total Energy Electric Power Sector CO2 Emissions,Million Metric Tons of Carbon Dioxide
TXEIEUS,198706,150.415,9,Total Energy Electric Power Sector CO2 Emissions,Million Metric Tons of Carbon Dioxide
TXEIEUS,198707,168.404,9,Total Energy Electric Power Sector CO2 Emissions,Million Metric Tons of Carbon Dioxide
TXEIEUS,198708,167.12,9,Total Energy Electric Power Sector CO2 Emissions,Million Metric Tons of Carbon Dioxide
TXEIEUS,198709,138.786,9,Total Energy Electric Power Sector CO2 Emissions,Million Metric Tons of Carbon Dioxide
TXEIEUS,198710,132.175,9,Total Energy Electric Power Sector CO2 Emissions,Million Metric Tons of Carbon Dioxide
TXEIEUS,198711,131.077,9,Total Energy Electric Power Sector CO2 Emissions,Million Metric Tons of Carbon Dioxide
TXEIEUS,198712,144.196,9,Total Energy Electric Power Sector CO2 Emissions,Million Metric Tons of Carbon Dioxide
TXEIEUS,198713,1680.237,9,Total Energy Electric Power Sector CO2 Emissions,Million Metric Tons of Carbon Dioxide
TXEIEUS,198801,155.897,9,Total Energy Electric Power Sector CO2 Emissions,Million Metric Tons of Carbon Dioxide
TXEIEUS,198802,139.659,9,Total Energy Electric Power Sector CO2 Emissions,Million Metric Tons of Carbon Dioxide
TXEIEUS,198803,134.642,9,Total Energy Electric Power Sector CO2 Emissions,Million Metric Tons of Carbon Dioxide
TXEIEUS,198804,123.508,9,Total Energy Electric Power Sector CO2 Emissions,Million Metric Tons of Carbon Dioxide
TXEIEUS,198805,130.193,9,Total Energy Electric Power Sector CO2 Emissions,Million Metric Tons of Carbon Dioxide
TXEIEUS,198806,151.977,9,Total Energy Electric Power Sector CO2 Emissions,Million Metric Tons of Carbon Dioxide
TXEIEUS,198807,170.606,9,Total Energy Electric Power Sector CO2 Emissions,Million Metric Tons of Carbon Dioxide
TXEIEUS,198808,180.115,9,Total Energy Electric Power Sector CO2 Emissions,Million Metric Tons of Carbon Dioxide
TXEIEUS,198809,141.918,9,Total Energy Electric Power Sector CO2 Emissions,Million Metric Tons of Carbon Dioxide
TXEIEUS,198810,137.857,9,Total Energy Electric Power Sector CO2 Emissions,Million Metric Tons of Carbon Dioxide
TXEIEUS,198811,136.908,9,Total Energy Electric Power Sector CO2 Emissions,Million Metric Tons of Carbon Dioxide
TXEIEUS,198812,154.24,9,Total Energy Electric Power Sector CO2 Emissions,Million Metric Tons of Carbon Dioxide
TXEIEUS,198813,1757.531,9,Total Energy Electric Power Sector CO2 Emissions,Million Metric Tons of Carbon Dioxide
TXEIEUS,198901,154.279,9,Total Energy Electric Power Sector CO2 Emissions,Million Metric Tons of Carbon Dioxide
TXEIEUS,198902,149.815,9,Total Energy Electric Power Sector CO2 Emissions,Million Metric Tons of Carbon Dioxide
TXEIEUS,198903,149.811,9,Total Energy Electric Power Sector CO2 Emissions,Million Metric Tons of Carbon Dioxide
TXEIEUS,198904,135.413,9,Total Energy Electric Power Sector CO2 Emissions,Million Metric Tons of Carbon Dioxide
TXEIEUS,198905,139.943,9,Total Energy Electric Power Sector CO2 Emissions,Million Metric Tons of Carbon Dioxide
TXEIEUS,198906,152.763,9,Total Energy Electric Power Sector CO2 Emissions,Million Metric Tons of Carbon Dioxide
TXEIEUS,198907,168.227,9,Total Energy Electric Power Sector CO2 Emissions,Million Metric Tons of Carbon Dioxide
TXEIEUS,198908,168.106,9,Total Energy Electric Power Sector CO2 Emissions,Million Metric Tons of Carbon Dioxide
TXEIEUS,198909,149.789,9,Total Energy Electric Power Sector CO2 Emissions,Million Metric Tons of Carbon Dioxide
TXEIEUS,198910,142.713,9,Total Energy Electric Power Sector CO2 Emissions,Million Metric Tons of Carbon Dioxide
TXEIEUS,198911,142.253,9,Total Energy Electric Power Sector CO2 Emissions,Million Metric Tons of Carbon Dioxide
TXEIEUS,198912,172.45,9,Total Energy Electric Power Sector CO2 Emissions,Million Metric Tons of Carbon Dioxide
TXEIEUS,198913,1825.6,9,Total Energy Electric Power Sector CO2 Emissions,Million Metric Tons of Carbon Dioxide
TXEIEUS,199001,152.617,9,Total Energy Electric Power Sector CO2 Emissions,Million Metric Tons of Carbon Dioxide
TXEIEUS,199002,133.194,9,Total Energy Electric Power Sector CO2 Emissions,Million Metric Tons of Carbon Dioxide
TXEIEUS,199003,142.714,9,Total Energy Electric Power Sector CO2 Emissions,Million Metric Tons of Carbon Dioxide
TXEIEUS,199004,137.7,9,Total Energy Electric Power Sector CO2 Emissions,Million Metric Tons of Carbon Dioxide
TXEIEUS,199005,142.64,9,Total Energy Electric Power Sector CO2 Emissions,Million Metric Tons of Carbon Dioxide
TXEIEUS,199006,161.339,9,Total Energy Electric Power Sector CO2 Emissions,Million Metric Tons of Carbon Dioxide
TXEIEUS,199007,175.357,9,Total Energy Electric Power Sector CO2 Emissions,Million Metric Tons of Carbon Dioxide
TXEIEUS,199008,177.864,9,Total Energy Electric Power Sector CO2 Emissions,Million Metric Tons of Carbon Dioxide
TXEIEUS,199009,160.495,9,Total Energy Electric Power Sector CO2 Emissions,Million Metric Tons of Carbon Dioxide
TXEIEUS,199010,151.825,9,Total Energy Electric Power Sector CO2 Emissions,Million Metric Tons of Carbon Dioxide
TXEIEUS,199011,139.711,9,Total Energy Electric Power Sector CO2 Emissions,Million Metric Tons of Carbon Dioxide
TXEIEUS,199012,155.545,9,Total Energy Electric Power Sector CO2 Emissions,Million Metric Tons of Carbon Dioxide
TXEIEUS,199013,1831.049,9,Total Energy Electric Power Sector CO2 Emissions,Million Metric Tons of Carbon Dioxide
TXEIEUS,199101,162.891,9,Total Energy Electric Power Sector CO2 Emissions,Million Metric Tons of Carbon Dioxide
TXEIEUS,199102,134.881,9,Total Energy Electric Power Sector CO2 Emissions,Million Metric Tons of Carbon Dioxide
TXEIEUS,199103,139.285,9,Total Energy Electric Power Sector CO2 Emissions,Million Metric Tons of Carbon Dioxide
TXEIEUS,199104,132.445,9,Total Energy Electric Power Sector CO2 Emissions,Million Metric Tons of Carbon Dioxide
TXEIEUS,199105,148.637,9,Total Energy Electric Power Sector CO2 Emissions,Million Metric Tons of Carbon Dioxide
TXEIEUS,199106,158.642,9,Total Energy Electric Power Sector CO2 Emissions,Million Metric Tons of Carbon Dioxide
TXEIEUS,199107,175.298,9,Total Energy Electric Power Sector CO2 Emissions,Million Metric Tons of Carbon Dioxide
TXEIEUS,199108,175.643,9,Total Energy Electric Power Sector CO2 Emissions,Million Metric Tons of Carbon Dioxide
TXEIEUS,199109,153.936,9,Total Energy Electric Power Sector CO2 Emissions,Million Metric Tons of Carbon Dioxide
TXEIEUS,199110,147.112,9,Total Energy Electric Power Sector CO2 Emissions,Million Metric Tons of Carbon Dioxide
TXEIEUS,199111,148.006,9,Total Energy Electric Power Sector CO2 Emissions,Million Metric Tons of Carbon Dioxide
TXEIEUS,199112,152.78,9,Total Energy Electric Power Sector CO2 Emissions,Million Metric Tons of Carbon Dioxide
TXEIEUS,199113,1829.607,9,Total Energy Electric Power Sector CO2 Emissions,Million Metric Tons of Carbon Dioxide
TXEIEUS,199201,158.386,9,Total Energy Electric Power Sector CO2 Emissions,Million Metric Tons of Carbon Dioxide
TXEIEUS,199202,140.479,9,Total Energy Electric Power Sector CO2 Emissions,Million Metric Tons of Carbon Dioxide
TXEIEUS,199203,148.551,9,Total Energy Electric Power Sector CO2 Emissions,Million Metric Tons of Carbon Dioxide
TXEIEUS,199204,140.197,9,Total Energy Electric Power Sector CO2 Emissions,Million Metric Tons of Carbon Dioxide
TXEIEUS,199205,143.24,9,Total Energy Electric Power Sector CO2 Emissions,Million Metric Tons of Carbon Dioxide
TXEIEUS,199206,154.249,9,Total Energy Electric Power Sector CO2 Emissions,Million Metric Tons of Carbon Dioxide
TXEIEUS,199207,179.331,9,Total Energy Electric Power Sector CO2 Emissions,Million Metric Tons of Carbon Dioxide
TXEIEUS,199208,169.657,9,Total Energy Electric Power Sector CO2 Emissions,Million Metric Tons of Carbon Dioxide
TXEIEUS,199209,158.052,9,Total Energy Electric Power Sector CO2 Emissions,Million Metric Tons of Carbon Dioxide
TXEIEUS,199210,147.602,9,Total Energy Electric Power Sector CO2 Emissions,Million Metric Tons of Carbon Dioxide
TXEIEUS,199211,145.608,9,Total Energy Electric Power Sector CO2 Emissions,Million Metric Tons of Carbon Dioxide
TXEIEUS,199212,158.07,9,Total Energy Electric Power Sector CO2 Emissions,Million Metric Tons of Carbon Dioxide
TXEIEUS,199213,1843.45,9,Total Energy Electric Power Sector CO2 Emissions,Million Metric Tons of Carbon Dioxide
TXEIEUS,199301,158.102,9,Total Energy Electric Power Sector CO2 Emissions,Million Metric Tons of Carbon Dioxide
TXEIEUS,199302,146.415,9,Total Energy Electric Power Sector CO2 Emissions,Million Metric Tons of Carbon Dioxide
TXEIEUS,199303,156.583,9,Total Energy Electric Power Sector CO2 Emissions,Million Metric Tons of Carbon Dioxide
TXEIEUS,199304,137.272,9,Total Energy Electric Power Sector CO2 Emissions,Million Metric Tons of Carbon Dioxide
TXEIEUS,199305,137.797,9,Total Energy Electric Power Sector CO2 Emissions,Million Metric Tons of Carbon Dioxide
TXEIEUS,199306,162.339,9,Total Energy Electric Power Sector CO2 Emissions,Million Metric Tons of Carbon Dioxide
TXEIEUS,199307,192.348,9,Total Energy Electric Power Sector CO2 Emissions,Million Metric Tons of Carbon Dioxide
TXEIEUS,199308,192.755,9,Total Energy Electric Power Sector CO2 Emissions,Million Metric Tons of Carbon Dioxide
TXEIEUS,199309,161.038,9,Total Energy Electric Power Sector CO2 Emissions,Million Metric Tons of Carbon Dioxide
TXEIEUS,199310,154.377,9,Total Energy Electric Power Sector CO2 Emissions,Million Metric Tons of Carbon Dioxide
TXEIEUS,199311,153.94,9,Total Energy Electric Power Sector CO2 Emissions,Million Metric Tons of Carbon Dioxide
TXEIEUS,199312,166.119,9,Total Energy Electric Power Sector CO2 Emissions,Million Metric Tons of Carbon Dioxide
TXEIEUS,199313,1919.112,9,Total Energy Electric Power Sector CO2 Emissions,Million Metric Tons of Carbon Dioxide
TXEIEUS,199401,179.406,9,Total Energy Electric Power Sector CO2 Emissions,Million Metric Tons of Carbon Dioxide
TXEIEUS,199402,151.48,9,Total Energy Electric Power Sector CO2 Emissions,Million Metric Tons of Carbon Dioxide
TXEIEUS,199403,153.927,9,Total Energy Electric Power Sector CO2 Emissions,Million Metric Tons of Carbon Dioxide
TXEIEUS,199404,142.622,9,Total Energy Electric Power Sector CO2 Emissions,Million Metric Tons of Carbon Dioxide
TXEIEUS,199405,148.932,9,Total Energy Electric Power Sector CO2 Emissions,Million Metric Tons of Carbon Dioxide
TXEIEUS,199406,179.032,9,Total Energy Electric Power Sector CO2 Emissions,Million Metric Tons of Carbon Dioxide
TXEIEUS,199407,188.384,9,Total Energy Electric Power Sector CO2 Emissions,Million Metric Tons of Carbon Dioxide
TXEIEUS,199408,185.229,9,Total Energy Electric Power Sector CO2 Emissions,Million Metric Tons of Carbon Dioxide
TXEIEUS,199409,159.637,9,Total Energy Electric Power Sector CO2 Emissions,Million Metric Tons of Carbon Dioxide
TXEIEUS,199410,153.001,9,Total Energy Electric Power Sector CO2 Emissions,Million Metric Tons of Carbon Dioxide
TXEIEUS,199411,145.415,9,Total Energy Electric Power Sector CO2 Emissions,Million Metric Tons of Carbon Dioxide
TXEIEUS,199412,156.78,9,Total Energy Electric Power Sector CO2 Emissions,Million Metric Tons of Carbon Dioxide
TXEIEUS,199413,1943.879,9,Total Energy Electric Power Sector CO2 Emissions,Million Metric Tons of Carbon Dioxide
TXEIEUS,199501,162.453,9,Total Energy Electric Power Sector CO2 Emissions,Million Metric Tons of Carbon Dioxide
TXEIEUS,199502,147.307,9,Total Energy Electric Power Sector CO2 Emissions,Million Metric Tons of Carbon Dioxide
TXEIEUS,199503,148.955,9,Total Energy Electric Power Sector CO2 Emissions,Million Metric Tons of Carbon Dioxide
TXEIEUS,199504,138.883,9,Total Energy Electric Power Sector CO2 Emissions,Million Metric Tons of Carbon Dioxide
TXEIEUS,199505,149.16,9,Total Energy Electric Power Sector CO2 Emissions,Million Metric Tons of Carbon Dioxide
TXEIEUS,199506,165.528,9,Total Energy Electric Power Sector CO2 Emissions,Million Metric Tons of Carbon Dioxide
TXEIEUS,199507,196.531,9,Total Energy Electric Power Sector CO2 Emissions,Million Metric Tons of Carbon Dioxide
TXEIEUS,199508,210.223,9,Total Energy Electric Power Sector CO2 Emissions,Million Metric Tons of Carbon Dioxide
TXEIEUS,199509,165.644,9,Total Energy Electric Power Sector CO2 Emissions,Million Metric Tons of Carbon Dioxide
TXEIEUS,199510,154.565,9,Total Energy Electric Power Sector CO2 Emissions,Million Metric Tons of Carbon Dioxide
TXEIEUS,199511,153.476,9,Total Energy Electric Power Sector CO2 Emissions,Million Metric Tons of Carbon Dioxide
TXEIEUS,199512,167.31,9,Total Energy Electric Power Sector CO2 Emissions,Million Metric Tons of Carbon Dioxide
TXEIEUS,199513,1960.05,9,Total Energy Electric Power Sector CO2 Emissions,Million Metric Tons of Carbon Dioxide
TXEIEUS,199601,174.947,9,Total Energy Electric Power Sector CO2 Emissions,Million Metric Tons of Carbon Dioxide
TXEIEUS,199602,157.353,9,Total Energy Electric Power Sector CO2 Emissions,Million Metric Tons of Carbon Dioxide
TXEIEUS,199603,156.669,9,Total Energy Electric Power Sector CO2 Emissions,Million Metric Tons of Carbon Dioxide
TXEIEUS,199604,141.669,9,Total Energy Electric Power Sector CO2 Emissions,Million Metric Tons of Carbon Dioxide
TXEIEUS,199605,159.645,9,Total Energy Electric Power Sector CO2 Emissions,Million Metric Tons of Carbon Dioxide
TXEIEUS,199606,175.905,9,Total Energy Electric Power Sector CO2 Emissions,Million Metric Tons of Carbon Dioxide
TXEIEUS,199607,195.976,9,Total Energy Electric Power Sector CO2 Emissions,Million Metric Tons of Carbon Dioxide
TXEIEUS,199608,197.588,9,Total Energy Electric Power Sector CO2 Emissions,Million Metric Tons of Carbon Dioxide
TXEIEUS,199609,171.205,9,Total Energy Electric Power Sector CO2 Emissions,Million Metric Tons of Carbon Dioxide
TXEIEUS,199610,164.762,9,Total Energy Electric Power Sector CO2 Emissions,Million Metric Tons of Carbon Dioxide
TXEIEUS,199611,165.142,9,Total Energy Electric Power Sector CO2 Emissions,Million Metric Tons of Carbon Dioxide
TXEIEUS,199612,172.376,9,Total Energy Electric Power Sector CO2 Emissions,Million Metric Tons of Carbon Dioxide
TXEIEUS,199613,2033.261,9,Total Energy Electric Power Sector CO2 Emissions,Million Metric Tons of Carbon Dioxide
TXEIEUS,199701,180.85,9,Total Energy Electric Power Sector CO2 Emissions,Million Metric Tons of Carbon Dioxide
TXEIEUS,199702,151.344,9,Total Energy Electric Power Sector CO2 Emissions,Million Metric Tons of Carbon Dioxide
TXEIEUS,199703,157.196,9,Total Energy Electric Power Sector CO2 Emissions,Million Metric Tons of Carbon Dioxide
TXEIEUS,199704,149.415,9,Total Energy Electric Power Sector CO2 Emissions,Million Metric Tons of Carbon Dioxide
TXEIEUS,199705,159.138,9,Total Energy Electric Power Sector CO2 Emissions,Million Metric Tons of Carbon Dioxide
TXEIEUS,199706,177.229,9,Total Energy Electric Power Sector CO2 Emissions,Million Metric Tons of Carbon Dioxide
TXEIEUS,199707,210.528,9,Total Energy Electric Power Sector CO2 Emissions,Million Metric Tons of Carbon Dioxide
TXEIEUS,199708,202.108,9,Total Energy Electric Power Sector CO2 Emissions,Million Metric Tons of Carbon Dioxide
TXEIEUS,199709,185.167,9,Total Energy Electric Power Sector CO2 Emissions,Million Metric Tons of Carbon Dioxide
TXEIEUS,199710,177.949,9,Total Energy Electric Power Sector CO2 Emissions,Million Metric Tons of Carbon Dioxide
TXEIEUS,199711,167.052,9,Total Energy Electric Power Sector CO2 Emissions,Million Metric Tons of Carbon Dioxide
TXEIEUS,199712,183.408,9,Total Energy Electric Power Sector CO2 Emissions,Million Metric Tons of Carbon Dioxide
TXEIEUS,199713,2101.401,9,Total Energy Electric Power Sector CO2 Emissions,Million Metric Tons of Carbon Dioxide
TXEIEUS,199801,179.875,9,Total Energy Electric Power Sector CO2 Emissions,Million Metric Tons of Carbon Dioxide
TXEIEUS,199802,155.243,9,Total Energy Electric Power Sector CO2 Emissions,Million Metric Tons of Carbon Dioxide
TXEIEUS,199803,167.968,9,Total Energy Electric Power Sector CO2 Emissions,Million Metric Tons of Carbon Dioxide
TXEIEUS,199804,155.322,9,Total Energy Electric Power Sector CO2 Emissions,Million Metric Tons of Carbon Dioxide
TXEIEUS,199805,178.251,9,Total Energy Electric Power Sector CO2 Emissions,Million Metric Tons of Carbon Dioxide
TXEIEUS,199806,199.776,9,Total Energy Electric Power Sector CO2 Emissions,Million Metric Tons of Carbon Dioxide
TXEIEUS,199807,223.044,9,Total Energy Electric Power Sector CO2 Emissions,Million Metric Tons of Carbon Dioxide
TXEIEUS,199808,222.919,9,Total Energy Electric Power Sector CO2 Emissions,Million Metric Tons of Carbon Dioxide
TXEIEUS,199809,196.591,9,Total Energy Electric Power Sector CO2 Emissions,Million Metric Tons of Carbon Dioxide
TXEIEUS,199810,174.025,9,Total Energy Electric Power Sector CO2 Emissions,Million Metric Tons of Carbon Dioxide
TXEIEUS,199811,160.832,9,Total Energy Electric Power Sector CO2 Emissions,Million Metric Tons of Carbon Dioxide
TXEIEUS,199812,177.925,9,Total Energy Electric Power Sector CO2 Emissions,Million Metric Tons of Carbon Dioxide
TXEIEUS,199813,2191.79,9,Total Energy Electric Power Sector CO2 Emissions,Million Metric Tons of Carbon Dioxide
TXEIEUS,199901,187.602,9,Total Energy Electric Power Sector CO2 Emissions,Million Metric Tons of Carbon Dioxide
TXEIEUS,199902,159.889,9,Total Energy Electric Power Sector CO2 Emissions,Million Metric Tons of Carbon Dioxide
TXEIEUS,199903,172.242,9,Total Energy Electric Power Sector CO2 Emissions,Million Metric Tons of Carbon Dioxide
TXEIEUS,199904,167.411,9,Total Energy Electric Power Sector CO2 Emissions,Million Metric Tons of Carbon Dioxide
TXEIEUS,199905,176.479,9,Total Energy Electric Power Sector CO2 Emissions,Million Metric Tons of Carbon Dioxide
TXEIEUS,199906,194.32,9,Total Energy Electric Power Sector CO2 Emissions,Million Metric Tons of Carbon Dioxide
TXEIEUS,199907,229.734,9,Total Energy Electric Power Sector CO2 Emissions,Million Metric Tons of Carbon Dioxide
TXEIEUS,199908,221.702,9,Total Energy Electric Power Sector CO2 Emissions,Million Metric Tons of Carbon Dioxide
TXEIEUS,199909,185.95,9,Total Energy Electric Power Sector CO2 Emissions,Million Metric Tons of Carbon Dioxide
TXEIEUS,199910,174.089,9,Total Energy Electric Power Sector CO2 Emissions,Million Metric Tons of Carbon Dioxide
TXEIEUS,199911,161.286,9,Total Energy Electric Power Sector CO2 Emissions,Million Metric Tons of Carbon Dioxide
TXEIEUS,199912,173.688,9,Total Energy Electric Power Sector CO2 Emissions,Million Metric Tons of Carbon Dioxide
TXEIEUS,199913,2204.426,9,Total Energy Electric Power Sector CO2 Emissions,Million Metric Tons of Carbon Dioxide
TXEIEUS,200001,198.161,9,Total Energy Electric Power Sector CO2 Emissions,Million Metric Tons of Carbon Dioxide
TXEIEUS,200002,176.637,9,Total Energy Electric Power Sector CO2 Emissions,Million Metric Tons of Carbon Dioxide
TXEIEUS,200003,176.405,9,Total Energy Electric Power Sector CO2 Emissions,Million Metric Tons of Carbon Dioxide
TXEIEUS,200004,162.198,9,Total Energy Electric Power Sector CO2 Emissions,Million Metric Tons of Carbon Dioxide
TXEIEUS,200005,187.91,9,Total Energy Electric Power Sector CO2 Emissions,Million Metric Tons of Carbon Dioxide
TXEIEUS,200006,204.228,9,Total Energy Electric Power Sector CO2 Emissions,Million Metric Tons of Carbon Dioxide
TXEIEUS,200007,216.648,9,Total Energy Electric Power Sector CO2 Emissions,Million Metric Tons of Carbon Dioxide
TXEIEUS,200008,229.031,9,Total Energy Electric Power Sector CO2 Emissions,Million Metric Tons of Carbon Dioxide
TXEIEUS,200009,194.893,9,Total Energy Electric Power Sector CO2 Emissions,Million Metric Tons of Carbon Dioxide
TXEIEUS,200010,184.188,9,Total Energy Electric Power Sector CO2 Emissions,Million Metric Tons of Carbon Dioxide
TXEIEUS,200011,178.708,9,Total Energy Electric Power Sector CO2 Emissions,Million Metric Tons of Carbon Dioxide
TXEIEUS,200012,201.162,9,Total Energy Electric Power Sector CO2 Emissions,Million Metric Tons of Carbon Dioxide
TXEIEUS,200013,2310.2,9,Total Energy Electric Power Sector CO2 Emissions,Million Metric Tons of Carbon Dioxide
TXEIEUS,200101,205.754,9,Total Energy Electric Power Sector CO2 Emissions,Million Metric Tons of Carbon Dioxide
TXEIEUS,200102,172.46,9,Total Energy Electric Power Sector CO2 Emissions,Million Metric Tons of Carbon Dioxide
TXEIEUS,200103,181.215,9,Total Energy Electric Power Sector CO2 Emissions,Million Metric Tons of Carbon Dioxide
TXEIEUS,200104,167.18,9,Total Energy Electric Power Sector CO2 Emissions,Million Metric Tons of Carbon Dioxide
TXEIEUS,200105,181.693,9,Total Energy Electric Power Sector CO2 Emissions,Million Metric Tons of Carbon Dioxide
TXEIEUS,200106,196.906,9,Total Energy Electric Power Sector CO2 Emissions,Million Metric Tons of Carbon Dioxide
TXEIEUS,200107,221.175,9,Total Energy Electric Power Sector CO2 Emissions,Million Metric Tons of Carbon Dioxide
TXEIEUS,200108,230.623,9,Total Energy Electric Power Sector CO2 Emissions,Million Metric Tons of Carbon Dioxide
TXEIEUS,200109,187.753,9,Total Energy Electric Power Sector CO2 Emissions,Million Metric Tons of Carbon Dioxide
TXEIEUS,200110,178.04,9,Total Energy Electric Power Sector CO2 Emissions,Million Metric Tons of Carbon Dioxide
TXEIEUS,200111,167.057,9,Total Energy Electric Power Sector CO2 Emissions,Million Metric Tons of Carbon Dioxide
TXEIEUS,200112,182.78,9,Total Energy Electric Power Sector CO2 Emissions,Million Metric Tons of Carbon Dioxide
TXEIEUS,200113,2272.684,9,Total Energy Electric Power Sector CO2 Emissions,Million Metric Tons of Carbon Dioxide
TXEIEUS,200201,186.602,9,Total Energy Electric Power Sector CO2 Emissions,Million Metric Tons of Carbon Dioxide
TXEIEUS,200202,163.832,9,Total Energy Electric Power Sector CO2 Emissions,Million Metric Tons of Carbon Dioxide
TXEIEUS,200203,176.506,9,Total Energy Electric Power Sector CO2 Emissions,Million Metric Tons of Carbon Dioxide
TXEIEUS,200204,167.726,9,Total Energy Electric Power Sector CO2 Emissions,Million Metric Tons of Carbon Dioxide
TXEIEUS,200205,177.956,9,Total Energy Electric Power Sector CO2 Emissions,Million Metric Tons of Carbon Dioxide
TXEIEUS,200206,199.152,9,Total Energy Electric Power Sector CO2 Emissions,Million Metric Tons of Carbon Dioxide
TXEIEUS,200207,228.346,9,Total Energy Electric Power Sector CO2 Emissions,Million Metric Tons of Carbon Dioxide
TXEIEUS,200208,225.562,9,Total Energy Electric Power Sector CO2 Emissions,Million Metric Tons of Carbon Dioxide
TXEIEUS,200209,201.171,9,Total Energy Electric Power Sector CO2 Emissions,Million Metric Tons of Carbon Dioxide
TXEIEUS,200210,187.652,9,Total Energy Electric Power Sector CO2 Emissions,Million Metric Tons of Carbon Dioxide
TXEIEUS,200211,178.51,9,Total Energy Electric Power Sector CO2 Emissions,Million Metric Tons of Carbon Dioxide
TXEIEUS,200212,195.02,9,Total Energy Electric Power Sector CO2 Emissions,Million Metric Tons of Carbon Dioxide
TXEIEUS,200213,2288.073,9,Total Energy Electric Power Sector CO2 Emissions,Million Metric Tons of Carbon Dioxide
TXEIEUS,200301,207.326,9,Total Energy Electric Power Sector CO2 Emissions,Million Metric Tons of Carbon Dioxide
TXEIEUS,200302,180.384,9,Total Energy Electric Power Sector CO2 Emissions,Million Metric Tons of Carbon Dioxide
TXEIEUS,200303,179.74,9,Total Energy Electric Power Sector CO2 Emissions,Million Metric Tons of Carbon Dioxide
TXEIEUS,200304,165.635,9,Total Energy Electric Power Sector CO2 Emissions,Million Metric Tons of Carbon Dioxide
TXEIEUS,200305,176.387,9,Total Energy Electric Power Sector CO2 Emissions,Million Metric Tons of Carbon Dioxide
TXEIEUS,200306,193.6,9,Total Energy Electric Power Sector CO2 Emissions,Million Metric Tons of Carbon Dioxide
TXEIEUS,200307,223.856,9,Total Energy Electric Power Sector CO2 Emissions,Million Metric Tons of Carbon Dioxide
TXEIEUS,200308,230.083,9,Total Energy Electric Power Sector CO2 Emissions,Million Metric Tons of Carbon Dioxide
TXEIEUS,200309,195.555,9,Total Energy Electric Power Sector CO2 Emissions,Million Metric Tons of Carbon Dioxide
TXEIEUS,200310,185.535,9,Total Energy Electric Power Sector CO2 Emissions,Million Metric Tons of Carbon Dioxide
TXEIEUS,200311,181.338,9,Total Energy Electric Power Sector CO2 Emissions,Million Metric Tons of Carbon Dioxide
TXEIEUS,200312,199.731,9,Total Energy Electric Power Sector CO2 Emissions,Million Metric Tons of Carbon Dioxide
TXEIEUS,200313,2319.234,9,Total Energy Electric Power Sector CO2 Emissions,Million Metric Tons of Carbon Dioxide
TXEIEUS,200401,208.041,9,Total Energy Electric Power Sector CO2 Emissions,Million Metric Tons of Carbon Dioxide
TXEIEUS,200402,186.364,9,Total Energy Electric Power Sector CO2 Emissions,Million Metric Tons of Carbon Dioxide
TXEIEUS,200403,178.662,9,Total Energy Electric Power Sector CO2 Emissions,Million Metric Tons of Carbon Dioxide
TXEIEUS,200404,167.661,9,Total Energy Electric Power Sector CO2 Emissions,Million Metric Tons of Carbon Dioxide
TXEIEUS,200405,189.647,9,Total Energy Electric Power Sector CO2 Emissions,Million Metric Tons of Carbon Dioxide
TXEIEUS,200406,201.553,9,Total Energy Electric Power Sector CO2 Emissions,Million Metric Tons of Carbon Dioxide
TXEIEUS,200407,223.546,9,Total Energy Electric Power Sector CO2 Emissions,Million Metric Tons of Carbon Dioxide
TXEIEUS,200408,219.452,9,Total Energy Electric Power Sector CO2 Emissions,Million Metric Tons of Carbon Dioxide
TXEIEUS,200409,200.057,9,Total Energy Electric Power Sector CO2 Emissions,Million Metric Tons of Carbon Dioxide
TXEIEUS,200410,186.825,9,Total Energy Electric Power Sector CO2 Emissions,Million Metric Tons of Carbon Dioxide
TXEIEUS,200411,183.607,9,Total Energy Electric Power Sector CO2 Emissions,Million Metric Tons of Carbon Dioxide
TXEIEUS,200412,204.962,9,Total Energy Electric Power Sector CO2 Emissions,Million Metric Tons of Carbon Dioxide
TXEIEUS,200413,2350.386,9,Total Energy Electric Power Sector CO2 Emissions,Million Metric Tons of Carbon Dioxide
TXEIEUS,200501,207.168,9,Total Energy Electric Power Sector CO2 Emissions,Million Metric Tons of Carbon Dioxide
TXEIEUS,200502,178.449,9,Total Energy Electric Power Sector CO2 Emissions,Million Metric Tons of Carbon Dioxide
TXEIEUS,200503,188.68,9,Total Energy Electric Power Sector CO2 Emissions,Million Metric Tons of Carbon Dioxide
TXEIEUS,200504,168.484,9,Total Energy Electric Power Sector CO2 Emissions,Million Metric Tons of Carbon Dioxide
TXEIEUS,200505,181.312,9,Total Energy Electric Power Sector CO2 Emissions,Million Metric Tons of Carbon Dioxide
TXEIEUS,200506,213.461,9,Total Energy Electric Power Sector CO2 Emissions,Million Metric Tons of Carbon Dioxide
TXEIEUS,200507,238.11,9,Total Energy Electric Power Sector CO2 Emissions,Million Metric Tons of Carbon Dioxide
TXEIEUS,200508,242.093,9,Total Energy Electric Power Sector CO2 Emissions,Million Metric Tons of Carbon Dioxide
TXEIEUS,200509,211.759,9,Total Energy Electric Power Sector CO2 Emissions,Million Metric Tons of Carbon Dioxide
TXEIEUS,200510,193.713,9,Total Energy Electric Power Sector CO2 Emissions,Million Metric Tons of Carbon Dioxide
TXEIEUS,200511,182.873,9,Total Energy Electric Power Sector CO2 Emissions,Million Metric Tons of Carbon Dioxide
TXEIEUS,200512,209.425,9,Total Energy Electric Power Sector CO2 Emissions,Million Metric Tons of Carbon Dioxide
TXEIEUS,200513,2415.605,9,Total Energy Electric Power Sector CO2 Emissions,Million Metric Tons of Carbon Dioxide
TXEIEUS,200601,189.627,9,Total Energy Electric Power Sector CO2 Emissions,Million Metric Tons of Carbon Dioxide
TXEIEUS,200602,178.207,9,Total Energy Electric Power Sector CO2 Emissions,Million Metric Tons of Carbon Dioxide
TXEIEUS,200603,183.53,9,Total Energy Electric Power Sector CO2 Emissions,Million Metric Tons of Carbon Dioxide
TXEIEUS,200604,166.094,9,Total Energy Electric Power Sector CO2 Emissions,Million Metric Tons of Carbon Dioxide
TXEIEUS,200605,185.373,9,Total Energy Electric Power Sector CO2 Emissions,Million Metric Tons of Carbon Dioxide
TXEIEUS,200606,206.259,9,Total Energy Electric Power Sector CO2 Emissions,Million Metric Tons of Carbon Dioxide
TXEIEUS,200607,238.782,9,Total Energy Electric Power Sector CO2 Emissions,Million Metric Tons of Carbon Dioxide
TXEIEUS,200608,240.607,9,Total Energy Electric Power Sector CO2 Emissions,Million Metric Tons of Carbon Dioxide
TXEIEUS,200609,195.223,9,Total Energy Electric Power Sector CO2 Emissions,Million Metric Tons of Carbon Dioxide
TXEIEUS,200610,193.312,9,Total Energy Electric Power Sector CO2 Emissions,Million Metric Tons of Carbon Dioxide
TXEIEUS,200611,183.154,9,Total Energy Electric Power Sector CO2 Emissions,Million Metric Tons of Carbon Dioxide
TXEIEUS,200612,198.154,9,Total Energy Electric Power Sector CO2 Emissions,Million Metric Tons of Carbon Dioxide
TXEIEUS,200613,2358.357,9,Total Energy Electric Power Sector CO2 Emissions,Million Metric Tons of Carbon Dioxide
TXEIEUS,200701,204.701,9,Total Energy Electric Power Sector CO2 Emissions,Million Metric Tons of Carbon Dioxide
TXEIEUS,200702,190.851,9,Total Energy Electric Power Sector CO2 Emissions,Million Metric Tons of Carbon Dioxide
TXEIEUS,200703,183.523,9,Total Energy Electric Power Sector CO2 Emissions,Million Metric Tons of Carbon Dioxide
TXEIEUS,200704,173.742,9,Total Energy Electric Power Sector CO2 Emissions,Million Metric Tons of Carbon Dioxide
TXEIEUS,200705,186.83,9,Total Energy Electric Power Sector CO2 Emissions,Million Metric Tons of Carbon Dioxide
TXEIEUS,200706,210.487,9,Total Energy Electric Power Sector CO2 Emissions,Million Metric Tons of Carbon Dioxide
TXEIEUS,200707,230.533,9,Total Energy Electric Power Sector CO2 Emissions,Million Metric Tons of Carbon Dioxide
TXEIEUS,200708,247.995,9,Total Energy Electric Power Sector CO2 Emissions,Million Metric Tons of Carbon Dioxide
TXEIEUS,200709,209.401,9,Total Energy Electric Power Sector CO2 Emissions,Million Metric Tons of Carbon Dioxide
TXEIEUS,200710,197.103,9,Total Energy Electric Power Sector CO2 Emissions,Million Metric Tons of Carbon Dioxide
TXEIEUS,200711,184.587,9,Total Energy Electric Power Sector CO2 Emissions,Million Metric Tons of Carbon Dioxide
TXEIEUS,200712,205.161,9,Total Energy Electric Power Sector CO2 Emissions,Million Metric Tons of Carbon Dioxide
TXEIEUS,200713,2424.97,9,Total Energy Electric Power Sector CO2 Emissions,Million Metric Tons of Carbon Dioxide
TXEIEUS,200801,211.491,9,Total Energy Electric Power Sector CO2 Emissions,Million Metric Tons of Carbon Dioxide
TXEIEUS,200802,191.043,9,Total Energy Electric Power Sector CO2 Emissions,Million Metric Tons of Carbon Dioxide
TXEIEUS,200803,185.387,9,Total Energy Electric Power Sector CO2 Emissions,Million Metric Tons of Carbon Dioxide
TXEIEUS,200804,173.908,9,Total Energy Electric Power Sector CO2 Emissions,Million Metric Tons of Carbon Dioxide
TXEIEUS,200805,182.369,9,Total Energy Electric Power Sector CO2 Emissions,Million Metric Tons of Carbon Dioxide
TXEIEUS,200806,209.64,9,Total Energy Electric Power Sector CO2 Emissions,Million Metric Tons of Carbon Dioxide
TXEIEUS,200807,231.656,9,Total Energy Electric Power Sector CO2 Emissions,Million Metric Tons of Carbon Dioxide
TXEIEUS,200808,225.728,9,Total Energy Electric Power Sector CO2 Emissions,Million Metric Tons of Carbon Dioxide
TXEIEUS,200809,198.008,9,Total Energy Electric Power Sector CO2 Emissions,Million Metric Tons of Carbon Dioxide
TXEIEUS,200810,184.022,9,Total Energy Electric Power Sector CO2 Emissions,Million Metric Tons of Carbon Dioxide
TXEIEUS,200811,180.99,9,Total Energy Electric Power Sector CO2 Emissions,Million Metric Tons of Carbon Dioxide
TXEIEUS,200812,198.589,9,Total Energy Electric Power Sector CO2 Emissions,Million Metric Tons of Carbon Dioxide
TXEIEUS,200813,2372.9,9,Total Energy Electric Power Sector CO2 Emissions,Million Metric Tons of Carbon Dioxide
TXEIEUS,200901,201.391,9,Total Energy Electric Power Sector CO2 Emissions,Million Metric Tons of Carbon Dioxide
TXEIEUS,200902,166.692,9,Total Energy Electric Power Sector CO2 Emissions,Million Metric Tons of Carbon Dioxide
TXEIEUS,200903,165.118,9,Total Energy Electric Power Sector CO2 Emissions,Million Metric Tons of Carbon Dioxide
TXEIEUS,200904,152.964,9,Total Energy Electric Power Sector CO2 Emissions,Million Metric Tons of Carbon Dioxide
TXEIEUS,200905,162.964,9,Total Energy Electric Power Sector CO2 Emissions,Million Metric Tons of Carbon Dioxide
TXEIEUS,200906,185.772,9,Total Energy Electric Power Sector CO2 Emissions,Million Metric Tons of Carbon Dioxide
TXEIEUS,200907,203.127,9,Total Energy Electric Power Sector CO2 Emissions,Million Metric Tons of Carbon Dioxide
TXEIEUS,200908,211.183,9,Total Energy Electric Power Sector CO2 Emissions,Million Metric Tons of Carbon Dioxide
TXEIEUS,200909,177.967,9,Total Energy Electric Power Sector CO2 Emissions,Million Metric Tons of Carbon Dioxide
TXEIEUS,200910,171.182,9,Total Energy Electric Power Sector CO2 Emissions,Million Metric Tons of Carbon Dioxide
TXEIEUS,200911,163.666,9,Total Energy Electric Power Sector CO2 Emissions,Million Metric Tons of Carbon Dioxide
TXEIEUS,200912,195.8,9,Total Energy Electric Power Sector CO2 Emissions,Million Metric Tons of Carbon Dioxide
TXEIEUS,200913,2157.901,9,Total Energy Electric Power Sector CO2 Emissions,Million Metric Tons of Carbon Dioxide
TXEIEUS,201001,203.722,9,Total Energy Electric Power Sector CO2 Emissions,Million Metric Tons of Carbon Dioxide
TXEIEUS,201002,178.58,9,Total Energy Electric Power Sector CO2 Emissions,Million Metric Tons of Carbon Dioxide
TXEIEUS,201003,170.522,9,Total Energy Electric Power Sector CO2 Emissions,Million Metric Tons of Carbon Dioxide
TXEIEUS,201004,153.679,9,Total Energy Electric Power Sector CO2 Emissions,Million Metric Tons of Carbon Dioxide
TXEIEUS,201005,175.517,9,Total Energy Electric Power Sector CO2 Emissions,Million Metric Tons of Carbon Dioxide
TXEIEUS,201006,205.646,9,Total Energy Electric Power Sector CO2 Emissions,Million Metric Tons of Carbon Dioxide
TXEIEUS,201007,230.494,9,Total Energy Electric Power Sector CO2 Emissions,Million Metric Tons of Carbon Dioxide
TXEIEUS,201008,231.704,9,Total Energy Electric Power Sector CO2 Emissions,Million Metric Tons of Carbon Dioxide
TXEIEUS,201009,189.36,9,Total Energy Electric Power Sector CO2 Emissions,Million Metric Tons of Carbon Dioxide
TXEIEUS,201010,165.819,9,Total Energy Electric Power Sector CO2 Emissions,Million Metric Tons of Carbon Dioxide
TXEIEUS,201011,165.468,9,Total Energy Electric Power Sector CO2 Emissions,Million Metric Tons of Carbon Dioxide
TXEIEUS,201012,199.744,9,Total Energy Electric Power Sector CO2 Emissions,Million Metric Tons of Carbon Dioxide
TXEIEUS,201013,2270.327,9,Total Energy Electric Power Sector CO2 Emissions,Million Metric Tons of Carbon Dioxide
TXEIEUS,201101,199.462,9,Total Energy Electric Power Sector CO2 Emissions,Million Metric Tons of Carbon Dioxide
TXEIEUS,201102,164.9,9,Total Energy Electric Power Sector CO2 Emissions,Million Metric Tons of Carbon Dioxide
TXEIEUS,201103,163.323,9,Total Energy Electric Power Sector CO2 Emissions,Million Metric Tons of Carbon Dioxide
TXEIEUS,201104,154.82,9,Total Energy Electric Power Sector CO2 Emissions,Million Metric Tons of Carbon Dioxide
TXEIEUS,201105,169.41,9,Total Energy Electric Power Sector CO2 Emissions,Million Metric Tons of Carbon Dioxide
TXEIEUS,201106,196.015,9,Total Energy Electric Power Sector CO2 Emissions,Million Metric Tons of Carbon Dioxide
TXEIEUS,201107,228.152,9,Total Energy Electric Power Sector CO2 Emissions,Million Metric Tons of Carbon Dioxide
TXEIEUS,201108,223.092,9,Total Energy Electric Power Sector CO2 Emissions,Million Metric Tons of Carbon Dioxide
TXEIEUS,201109,181.441,9,Total Energy Electric Power Sector CO2 Emissions,Million Metric Tons of Carbon Dioxide
TXEIEUS,201110,162.087,9,Total Energy Electric Power Sector CO2 Emissions,Million Metric Tons of Carbon Dioxide
TXEIEUS,201111,155.398,9,Total Energy Electric Power Sector CO2 Emissions,Million Metric Tons of Carbon Dioxide
TXEIEUS,201112,171.569,9,Total Energy Electric Power Sector CO2 Emissions,Million Metric Tons of Carbon Dioxide
TXEIEUS,201113,2169.731,9,Total Energy Electric Power Sector CO2 Emissions,Million Metric Tons of Carbon Dioxide
TXEIEUS,201201,167.699,9,Total Energy Electric Power Sector CO2 Emissions,Million Metric Tons of Carbon Dioxide
TXEIEUS,201202,152.665,9,Total Energy Electric Power Sector CO2 Emissions,Million Metric Tons of Carbon Dioxide
TXEIEUS,201203,143.766,9,Total Energy Electric Power Sector CO2 Emissions,Million Metric Tons of Carbon Dioxide
TXEIEUS,201204,135.462,9,Total Energy Electric Power Sector CO2 Emissions,Million Metric Tons of Carbon Dioxide
TXEIEUS,201205,161.308,9,Total Energy Electric Power Sector CO2 Emissions,Million Metric Tons of Carbon Dioxide
TXEIEUS,201206,181.412,9,Total Energy Electric Power Sector CO2 Emissions,Million Metric Tons of Carbon Dioxide
TXEIEUS,201207,219.762,9,Total Energy Electric Power Sector CO2 Emissions,Million Metric Tons of Carbon Dioxide
TXEIEUS,201208,208.316,9,Total Energy Electric Power Sector CO2 Emissions,Million Metric Tons of Carbon Dioxide
TXEIEUS,201209,172.976,9,Total Energy Electric Power Sector CO2 Emissions,Million Metric Tons of Carbon Dioxide
TXEIEUS,201210,160.346,9,Total Energy Electric Power Sector CO2 Emissions,Million Metric Tons of Carbon Dioxide
TXEIEUS,201211,161.725,9,Total Energy Electric Power Sector CO2 Emissions,Million Metric Tons of Carbon Dioxide
TXEIEUS,201212,168.888,9,Total Energy Electric Power Sector CO2 Emissions,Million Metric Tons of Carbon Dioxide
TXEIEUS,201213,2034.367,9,Total Energy Electric Power Sector CO2 Emissions,Million Metric Tons of Carbon Dioxide
TXEIEUS,201301,174.506,9,Total Energy Electric Power Sector CO2 Emissions,Million Metric Tons of Carbon Dioxide
TXEIEUS,201302,155.955,9,Total Energy Electric Power Sector CO2 Emissions,Million Metric Tons of Carbon Dioxide
TXEIEUS,201303,163.999,9,Total Energy Electric Power Sector CO2 Emissions,Million Metric Tons of Carbon Dioxide
TXEIEUS,201304,144.127,9,Total Energy Electric Power Sector CO2 Emissions,Million Metric Tons of Carbon Dioxide
TXEIEUS,201305,154.325,9,Total Energy Electric Power Sector CO2 Emissions,Million Metric Tons of Carbon Dioxide
TXEIEUS,201306,179.919,9,Total Energy Electric Power Sector CO2 Emissions,Million Metric Tons of Carbon Dioxide
TXEIEUS,201307,204.685,9,Total Energy Electric Power Sector CO2 Emissions,Million Metric Tons of Carbon Dioxide
TXEIEUS,201308,201.568,9,Total Energy Electric Power Sector CO2 Emissions,Million Metric Tons of Carbon Dioxide
TXEIEUS,201309,176.332,9,Total Energy Electric Power Sector CO2 Emissions,Million Metric Tons of Carbon Dioxide
TXEIEUS,201310,158.363,9,Total Energy Electric Power Sector CO2 Emissions,Million Metric Tons of Carbon Dioxide
TXEIEUS,201311,155.558,9,Total Energy Electric Power Sector CO2 Emissions,Million Metric Tons of Carbon Dioxide
TXEIEUS,201312,180.501,9,Total Energy Electric Power Sector CO2 Emissions,Million Metric Tons of Carbon Dioxide
TXEIEUS,201313,2049.895,9,Total Energy Electric Power Sector CO2 Emissions,Million Metric Tons of Carbon Dioxide
TXEIEUS,201401,196.375,9,Total Energy Electric Power Sector CO2 Emissions,Million Metric Tons of Carbon Dioxide
TXEIEUS,201402,173.347,9,Total Energy Electric Power Sector CO2 Emissions,Million Metric Tons of Carbon Dioxide
TXEIEUS,201403,166.847,9,Total Energy Electric Power Sector CO2 Emissions,Million Metric Tons of Carbon Dioxide
TXEIEUS,201404,139.085,9,Total Energy Electric Power Sector CO2 Emissions,Million Metric Tons of Carbon Dioxide
TXEIEUS,201405,155.662,9,Total Energy Electric Power Sector CO2 Emissions,Million Metric Tons of Carbon Dioxide
TXEIEUS,201406,178.563,9,Total Energy Electric Power Sector CO2 Emissions,Million Metric Tons of Carbon Dioxide
TXEIEUS,201407,198.458,9,Total Energy Electric Power Sector CO2 Emissions,Million Metric Tons of Carbon Dioxide
TXEIEUS,201408,200.688,9,Total Energy Electric Power Sector CO2 Emissions,Million Metric Tons of Carbon Dioxide
TXEIEUS,201409,171.627,9,Total Energy Electric Power Sector CO2 Emissions,Million Metric Tons of Carbon Dioxide
TXEIEUS,201410,152.855,9,Total Energy Electric Power Sector CO2 Emissions,Million Metric Tons of Carbon Dioxide
TXEIEUS,201411,154.008,9,Total Energy Electric Power Sector CO2 Emissions,Million Metric Tons of Carbon Dioxide
TXEIEUS,201412,162.311,9,Total Energy Electric Power Sector CO2 Emissions,Million Metric Tons of Carbon Dioxide
TXEIEUS,201413,2049.902,9,Total Energy Electric Power Sector CO2 Emissions,Million Metric Tons of Carbon Dioxide
TXEIEUS,201501,172.91,9,Total Energy Electric Power Sector CO2 Emissions,Million Metric Tons of Carbon Dioxide
TXEIEUS,201502,163.794,9,Total Energy Electric Power Sector CO2 Emissions,Million Metric Tons of Carbon Dioxide
TXEIEUS,201503,147.814,9,Total Energy Electric Power Sector CO2 Emissions,Million Metric Tons of Carbon Dioxide
TXEIEUS,201504,127.708,9,Total Energy Electric Power Sector CO2 Emissions,Million Metric Tons of Carbon Dioxide
TXEIEUS,201505,147.627,9,Total Energy Electric Power Sector CO2 Emissions,Million Metric Tons of Carbon Dioxide
TXEIEUS,201506,177.799,9,Total Energy Electric Power Sector CO2 Emissions,Million Metric Tons of Carbon Dioxide
TXEIEUS,201507,201.06,9,Total Energy Electric Power Sector CO2 Emissions,Million Metric Tons of Carbon Dioxide
TXEIEUS,201508,194.735,9,Total Energy Electric Power Sector CO2 Emissions,Million Metric Tons of Carbon Dioxide
TXEIEUS,201509,170.79,9,Total Energy Electric Power Sector CO2 Emissions,Million Metric Tons of Carbon Dioxide
TXEIEUS,201510,144.693,9,Total Energy Electric Power Sector CO2 Emissions,Million Metric Tons of Carbon Dioxide
TXEIEUS,201511,133.131,9,Total Energy Electric Power Sector CO2 Emissions,Million Metric Tons of Carbon Dioxide
TXEIEUS,201512,136.421,9,Total Energy Electric Power Sector CO2 Emissions,Million Metric Tons of Carbon Dioxide
TXEIEUS,201513,1918.544,9,Total Energy Electric Power Sector CO2 Emissions,Million Metric Tons of Carbon Dioxide
TXEIEUS,201601,159.03,9,Total Energy Electric Power Sector CO2 Emissions,Million Metric Tons of Carbon Dioxide
TXEIEUS,201602,133.106,9,Total Energy Electric Power Sector CO2 Emissions,Million Metric Tons of Carbon Dioxide
TXEIEUS,201603,115.997,9,Total Energy Electric Power Sector CO2 Emissions,Million Metric Tons of Carbon Dioxide
TXEIEUS,201604,113.815,9,Total Energy Electric Power Sector CO2 Emissions,Million Metric Tons of Carbon Dioxide
TXEIEUS,201605,129.44,9,Total Energy Electric Power Sector CO2 Emissions,Million Metric Tons of Carbon Dioxide
TXEIEUS,201606,172.074,9,Total Energy Electric Power Sector CO2 Emissions,Million Metric Tons of Carbon Dioxide
TXEIEUS,201607,201.958,9,Total Energy Electric Power Sector CO2 Emissions,Million Metric Tons of Carbon Dioxide
